Сигнал;Время;Класс;Инструмент;Операция;Ордер;Кол-во;Цена;Сумма;Комиссия ТС;Статус;Позиция
Short;16.01.2018 16:25:02;SPBFUT;SiH8;Sell;29035933294;1;56953;56953.00;0.80;Шорт;-1
Cover;16.01.2018 16:35:03;SPBFUT;SiH8;Buy;29036110921;1;56945;-56945.00;0.80;Завершена;0
Short;17.01.2018 11:40:01;SPBFUT;SiH8;Sell;29043646400;1;57052;57052.00;0.80;Шорт;-1
Cover;17.01.2018 12:52:10;SPBFUT;SiH8;Buy;29045525664;1;57052;-57052.00;0.80;Завершена;0
Buy;26.01.2018 12:25:02;SPBFUT;SiH8;Buy;29151795406;1;56172;-56172.00;0.79;Лонг;1
Sell;26.01.2018 12:39:12;SPBFUT;SiH8;Sell;29152173136;1;56186;56186.00;0.79;Завершена;0
Buy;26.01.2018 13:30:02;SPBFUT;SiH8;Buy;29153420443;1;56113;-56113.00;0.79;Лонг;1
Sell;26.01.2018 13:38:19;SPBFUT;SiH8;Sell;29153604430;1;56135;56135.00;0.79;Завершена;0
Short;26.01.2018 14:10:01;SPBFUT;SiH8;Sell;29154106671;1;56162;56162.00;0.79;Шорт;-1
Cover;26.01.2018 14:23:21;SPBFUT;SiH8;Buy;29154347270;1;56164;-56164.00;0.79;Завершена;0
Short;26.01.2018 18:25:02;SPBFUT;SiH8;Sell;29161713925;1;56460;56460.00;0.79;Шорт;-1
Cover;26.01.2018 18:30:05;SPBFUT;SiH8;Buy;29161919433;1;56522;-56522.00;0.79;Завершена;0
Buy;29.01.2018 11:30:01;SPBFUT;SiH8;Buy;29167583495;1;56669;-56669.00;0.79;Лонг;1
Sell;29.01.2018 12:00:02;SPBFUT;SiH8;Sell;29168261524;1;56607;56607.00;0.79;Завершена;0
Short;29.01.2018 12:45:02;SPBFUT;SiH8;Sell;29169187100;1;56587;56587.00;0.79;Шорт;-1
Cover;29.01.2018 13:10:03;SPBFUT;SiH8;Buy;29169666401;1;56609;-56609.00;0.79;Завершена;0
Short;29.01.2018 14:05:01;SPBFUT;SiH8;Sell;29170614684;1;56693;56693.00;0.79;Шорт;-1
Cover;29.01.2018 14:20:01;SPBFUT;SiH8;Buy;29170923923;1;56755;-56755.00;0.79;Завершена;0
Buy;29.01.2018 17:10:02;SPBFUT;SiH8;Buy;29174527329;1;56776;-56776.00;0.79;Лонг;1
Sell;29.01.2018 17:21:29;SPBFUT;SiH8;Sell;29174777871;1;56784;56784.00;0.79;Завершена;0
Short;29.01.2018 17:35:02;SPBFUT;SiH8;Sell;29175122961;1;56815;56815.00;0.79;Шорт;-1
Cover;29.01.2018 17:45:31;SPBFUT;SiH8;Buy;29175474237;1;56768;-56768.00;0.79;Завершена;0
Short;30.01.2018 12:35:02;SPBFUT;SiH8;Sell;29183993751;1;56577;56577.00;0.79;Шорт;-1
Cover;30.01.2018 12:48:27;SPBFUT;SiH8;Buy;29184362111;1;56519;-56519.00;0.79;Завершена;0
Short;30.01.2018 14:50:01;SPBFUT;SiH8;Sell;29187744881;1;56298;56298.00;0.79;Шорт;-1
Cover;30.01.2018 14:59:10;SPBFUT;SiH8;Buy;29187952487;1;56253;-56253.00;0.79;Завершена;0
Buy;30.01.2018 16:45:03;SPBFUT;SiH8;Buy;29190344435;1;56342;-56342.00;0.79;Лонг;1
Sell;30.01.2018 16:50:43;SPBFUT;SiH8;Sell;29190465750;1;56359;56359.00;0.79;Завершена;0
Buy;31.01.2018 12:40:01;SPBFUT;SiH8;Buy;29202052998;1;56492;-56492.00;0.79;Лонг;1
Sell;31.01.2018 13:35:01;SPBFUT;SiH8;Sell;29203293091;1;56519;56519.00;0.79;Завершена;0
Short;31.01.2018 13:45:01;SPBFUT;SiH8;Sell;29203479223;1;56592;56592.00;0.79;Шорт;-1
Cover;31.01.2018 14:55:01;SPBFUT;SiH8;Buy;29204757240;1;56551;-56551.00;0.79;Завершена;0
Short;31.01.2018 15:25:01;SPBFUT;SiH8;Sell;29205301409;1;56533;56533.00;0.79;Шорт;-1
Cover;31.01.2018 15:45:40;SPBFUT;SiH8;Buy;29205674600;1;56547;-56547.00;0.79;Завершена;0
Short;01.02.2018 12:00:04;SPBFUT;SiH8;Sell;29218033286;1;56497;56497.00;0.79;Шорт;-1
Cover;01.02.2018 12:08:52;SPBFUT;SiH8;Buy;29218315912;1;56448;-56448.00;0.79;Завершена;0
Short;01.02.2018 12:20:04;SPBFUT;SiH8;Sell;29218670740;1;56481;56481.00;0.79;Шорт;-1
Cover;01.02.2018 12:25:54;SPBFUT;SiH8;Buy;29218833514;1;56450;-56450.00;0.79;Завершена;0
Short;01.02.2018 13:45:03;SPBFUT;SiH8;Sell;29220457067;1;56538;56538.00;0.79;Шорт;-1
Cover;01.02.2018 14:05:03;SPBFUT;SiH8;Buy;29220864699;1;56578;-56578.00;0.79;Завершена;0
Buy;01.02.2018 14:45:04;SPBFUT;SiH8;Buy;29221882457;1;56573;-56573.00;0.79;Лонг;1
Sell;01.02.2018 14:58:28;SPBFUT;SiH8;Sell;29222160517;1;56589;56589.00;0.79;Завершена;0
Short;02.02.2018 11:50:04;SPBFUT;SiH8;Sell;29234900382;1;56401;56401.00;0.79;Шорт;-1
Cover;02.02.2018 11:56:59;SPBFUT;SiH8;Buy;29235168814;1;56427;-56427.00;0.79;Завершена;0
Buy;02.02.2018 12:45:03;SPBFUT;SiH8;Buy;29236752232;1;56519;-56519.00;0.79;Лонг;1
Sell;02.02.2018 12:59:02;SPBFUT;SiH8;Sell;29237118800;1;56586;56586.00;0.79;Завершена;0
Buy;02.02.2018 13:05:02;SPBFUT;SiH8;Buy;29237293223;1;56550;-56550.00;0.79;Лонг;1
Sell;02.02.2018 13:11:08;SPBFUT;SiH8;Sell;29237457806;1;56589;56589.00;0.79;Завершена;0
Buy;02.02.2018 13:40:10;SPBFUT;SiH8;Buy;29238292627;1;56561;-56561.00;0.79;Лонг;1
Sell;02.02.2018 14:05:23;SPBFUT;SiH8;Sell;29238711827;1;56604;56604.00;0.79;Завершена;0
Buy;02.02.2018 15:35:07;SPBFUT;SiH8;Buy;29240335314;1;56585;-56585.00;0.79;Лонг;1
Sell;02.02.2018 15:44:37;SPBFUT;SiH8;Sell;29240469330;1;56585;56585.00;0.79;Завершена;0
Short;02.02.2018 18:35:16;SPBFUT;SiH8;Sell;29247937529;1;56728;56728.00;0.79;Шорт;-1
Cover;02.02.2018 19:00:03;SPBFUT;SiH8;Buy;29248277701;1;56726;-56726.00;0.80;Завершена;0
Short;05.02.2018 12:50:01;SPBFUT;SiH8;Sell;29256142682;1;56824;56824.00;0.80;Шорт;-1
Cover;05.02.2018 13:25:01;SPBFUT;SiH8;Buy;29256890331;1;56865;-56865.00;0.80;Завершена;0
Buy;06.02.2018 11:40:00;SPBFUT;SiH8;Buy;29275707779;1;57377;-57377.00;0.80;Лонг;1
Sell;06.02.2018 11:45:01;SPBFUT;SiH8;Sell;29275927946;1;57298;57298.00;0.80;Завершена;0
Short;06.02.2018 12:05:01;SPBFUT;SiH8;Sell;29276648717;1;57365;57365.00;0.80;Шорт;-1
Cover;06.02.2018 12:15:00;SPBFUT;SiH8;Buy;29276957332;1;57425;-57425.00;0.80;Завершена;0
Buy;06.02.2018 13:00:01;SPBFUT;SiH8;Buy;29278229958;1;57392;-57392.00;0.80;Лонг;1
Sell;06.02.2018 13:12:02;SPBFUT;SiH8;Sell;29278708955;1;57476;57476.00;0.80;Завершена;0
Buy;06.02.2018 13:25:02;SPBFUT;SiH8;Buy;29279075998;1;57426;-57426.00;0.80;Лонг;1
Sell;06.02.2018 13:30:50;SPBFUT;SiH8;Sell;29279209295;1;57451;57451.00;0.80;Завершена;0
Buy;06.02.2018 13:55:01;SPBFUT;SiH8;Buy;29279727682;1;57377;-57377.00;0.80;Лонг;1
Sell;06.02.2018 14:15:25;SPBFUT;SiH8;Sell;29280076473;1;57372;57372.00;0.80;Завершена;0
Buy;06.02.2018 16:55:01;SPBFUT;SiH8;Buy;29286234980;1;57649;-57649.00;0.80;Лонг;1
Sell;06.02.2018 17:05:00;SPBFUT;SiH8;Sell;29286634429;1;57612;57612.00;0.80;Завершена;0
Buy;07.02.2018 12:00:01;SPBFUT;SiH8;Buy;29302630312;1;57267;-57267.00;0.80;Лонг;1
Sell;07.02.2018 12:08:39;SPBFUT;SiH8;Sell;29302852661;1;57291;57291.00;0.80;Завершена;0
Short;07.02.2018 12:15:01;SPBFUT;SiH8;Sell;29303027944;1;57338;57338.00;0.80;Шорт;-1
Cover;07.02.2018 12:25:00;SPBFUT;SiH8;Buy;29303403154;1;57359;-57359.00;0.80;Завершена;0
Buy;07.02.2018 13:05:02;SPBFUT;SiH8;Buy;29304785187;1;57393;-57393.00;0.80;Лонг;1
Sell;07.02.2018 13:30:33;SPBFUT;SiH8;Sell;29305383202;1;57407;57407.00;0.80;Завершена;0
Short;07.02.2018 13:50:02;SPBFUT;SiH8;Sell;29305829736;1;57460;57460.00;0.80;Шорт;-1
Cover;07.02.2018 14:08:44;SPBFUT;SiH8;Buy;29306302795;1;57466;-57466.00;0.80;Завершена;0
Buy;08.02.2018 13:30:01;SPBFUT;SiH8;Buy;29328564885;1;58096;-58096.00;0.80;Лонг;1
Sell;08.02.2018 13:35:01;SPBFUT;SiH8;Sell;29328706330;1;58036;58036.00;0.80;Завершена;0
Buy;08.02.2018 15:05:00;SPBFUT;SiH8;Buy;29330908839;1;58108;-58108.00;0.80;Лонг;1
Sell;08.02.2018 15:45:00;SPBFUT;SiH8;Sell;29332564941;1;58231;58231.00;0.80;Завершена;0
Buy;09.02.2018 11:45:01;SPBFUT;SiH8;Buy;29351495173;1;58332;-58332.00;0.82;Лонг;1
Sell;09.02.2018 11:50:01;SPBFUT;SiH8;Sell;29351645722;1;58290;58290.00;0.82;Завершена;0
Short;09.02.2018 12:45:01;SPBFUT;SiH8;Sell;29353507253;1;58313;58313.00;0.82;Шорт;-1
Cover;09.02.2018 13:15:02;SPBFUT;SiH8;Buy;29354396998;1;58342;-58342.00;0.82;Завершена;0
Short;09.02.2018 16:35:02;SPBFUT;SiH8;Sell;29361875661;1;58631;58631.00;0.82;Шорт;-1
Cover;09.02.2018 16:40:40;SPBFUT;SiH8;Buy;29362151913;1;58583;-58583.00;0.82;Завершена;0
Buy;09.02.2018 16:55:00;SPBFUT;SiH8;Buy;29362832389;1;58469;-58469.00;0.82;Лонг;1
Sell;09.02.2018 17:00:01;SPBFUT;SiH8;Sell;29363153169;1;58428;58428.00;0.82;Завершена;0
Short;09.02.2018 17:35:01;SPBFUT;SiH8;Sell;29365093155;1;58470;58470.00;0.82;Шорт;-1
Cover;09.02.2018 17:40:01;SPBFUT;SiH8;Buy;29365499364;1;58606;-58606.00;0.82;Завершена;0
Buy;12.02.2018 11:30:01;SPBFUT;SiH8;Buy;29382152137;1;58192;-58192.00;0.82;Лонг;1
Sell;12.02.2018 11:45:01;SPBFUT;SiH8;Sell;29382882321;1;58099;58099.00;0.82;Завершена;0
Short;12.02.2018 12:15:00;SPBFUT;SiH8;Sell;29384152799;1;58145;58145.00;0.82;Шорт;-1
Cover;12.02.2018 12:30:02;SPBFUT;SiH8;Buy;29384709756;1;58211;-58211.00;0.82;Завершена;0
Buy;12.02.2018 13:00:01;SPBFUT;SiH8;Buy;29385720902;1;58198;-58198.00;0.82;Лонг;1
Sell;12.02.2018 13:05:19;SPBFUT;SiH8;Sell;29385865617;1;58246;58246.00;0.82;Завершена;0
Buy;12.02.2018 13:30:01;SPBFUT;SiH8;Buy;29386674385;1;58212;-58212.00;0.82;Лонг;1
Sell;12.02.2018 13:45:01;SPBFUT;SiH8;Sell;29387130719;1;58162;58162.00;0.82;Завершена;0
Buy;13.02.2018 11:35:02;SPBFUT;SiH8;Buy;29406567312;1;57974;-57974.00;0.82;Лонг;1
Sell;13.02.2018 11:40:18;SPBFUT;SiH8;Sell;29406745608;1;58005;58005.00;0.82;Завершена;0
Short;13.02.2018 11:55:01;SPBFUT;SiH8;Sell;29407136904;1;58045;58045.00;0.82;Шорт;-1
Cover;13.02.2018 12:03:26;SPBFUT;SiH8;Buy;29407429615;1;58053;-58053.00;0.82;Завершена;0
Buy;13.02.2018 12:50:03;SPBFUT;SiH8;Buy;29409109675;1;58026;-58026.00;0.82;Лонг;1
Sell;13.02.2018 13:15:02;SPBFUT;SiH8;Sell;29409785599;1;57967;57967.00;0.82;Завершена;0
Buy;13.02.2018 15:45:03;SPBFUT;SiH8;Buy;29413470340;1;57940;-57940.00;0.82;Лонг;1
Sell;13.02.2018 15:50:03;SPBFUT;SiH8;Sell;29413585598;1;57955;57955.00;0.82;Завершена;0
Short;13.02.2018 16:15:02;SPBFUT;SiH8;Sell;29414368904;1;58009;58009.00;0.82;Шорт;-1
Cover;13.02.2018 16:25:09;SPBFUT;SiH8;Buy;29414647332;1;57997;-57997.00;0.82;Завершена;0
Short;14.02.2018 15:20:01;SPBFUT;SiH8;Sell;29430654215;1;57613;57613.00;0.81;Шорт;-1
Cover;14.02.2018 15:30:24;SPBFUT;SiH8;Buy;29430889278;1;57637;-57637.00;0.81;Завершена;0
Buy;14.02.2018 16:00:01;SPBFUT;SiH8;Buy;29431510542;1;57600;-57600.00;0.81;Лонг;1
Sell;14.02.2018 16:06:53;SPBFUT;SiH8;Sell;29431706811;1;57613;57613.00;0.81;Завершена;0
Short;14.02.2018 18:00:01;SPBFUT;SiH8;Sell;29439254133;1;57876;57876.00;0.81;Шорт;-1
Cover;14.02.2018 18:07:14;SPBFUT;SiH8;Buy;29439628398;1;57827;-57827.00;0.81;Завершена;0
Buy;14.02.2018 18:35:01;SPBFUT;SiH8;Buy;29441859721;1;57560;-57560.00;0.81;Лонг;1
Sell;14.02.2018 18:40:13;SPBFUT;SiH8;Sell;29442385619;1;57460;57460.00;0.81;Завершена;0
Short;15.02.2018 13:55:01;SPBFUT;SiH8;Sell;29455185189;1;56960;56960.00;0.80;Шорт;-1
Cover;15.02.2018 14:10:02;SPBFUT;SiH8;Buy;29455448275;1;56968;-56968.00;0.80;Завершена;0
Buy;15.02.2018 17:50:01;SPBFUT;SiH8;Buy;29463458759;1;56771;-56771.00;0.80;Лонг;1
Sell;15.02.2018 18:00:00;SPBFUT;SiH8;Sell;29463977089;1;56714;56714.00;0.80;Завершена;0
Buy;16.02.2018 12:40:01;SPBFUT;SiH8;Buy;29475215415;1;56489;-56489.00;0.79;Лонг;1
Sell;16.02.2018 12:49:49;SPBFUT;SiH8;Sell;29475489498;1;56537;56537.00;0.79;Завершена;0
Buy;16.02.2018 15:40:01;SPBFUT;SiH8;Buy;29479692394;1;56608;-56608.00;0.79;Лонг;1
Sell;16.02.2018 15:49:52;SPBFUT;SiH8;Sell;29480006264;1;56609;56609.00;0.79;Завершена;0
Buy;28.02.2018 13:00:01;SPBFUT;SiH8;Buy;29600962581;1;56344;-56344.00;0.79;Лонг;1
Sell;28.02.2018 15:09:37;SPBFUT;SiH8;Sell;29603652039;1;56460;56460.00;0.79;Завершена;0
Short;01.03.2018 13:20:04;SPBFUT;SiH8;Sell;29620545897;1;56827;56827.00;0.79;Шорт;-1
Cover;01.03.2018 14:05:14;SPBFUT;SiH8;Buy;29621716028;1;56783;-56783.00;0.79;Завершена;0
Short;02.03.2018 17:05:01;SPBFUT;SiH8;Sell;29655989920;1;57250;57250.00;0.80;Шорт;-1
Cover;02.03.2018 17:35:05;SPBFUT;SiH8;Buy;29657633110;1;57346;-57346.00;0.80;Завершена;0
Short;05.03.2018 12:30:03;SPBFUT;SiH8;Sell;29673792824;1;57132;57132.00;0.80;Шорт;-1
Cover;06.03.2018 17:35:04;SPBFUT;SiH8;Buy;29701863595;1;56626;-56626.00;0.80;Завершена;0
Buy;07.03.2018 15:20:01;SPBFUT;SiH8;Buy;29718392488;1;56874;-56874.00;0.79;Лонг;1
Sell;07.03.2018 16:25:02;SPBFUT;SiH8;Sell;29720044110;1;56852;56852.00;0.79;Завершена;0
Short;14.03.2018 18:10:03;SPBFUT;SiH8;Sell;29805376796;1;57139;57139.00;0.80;Шорт;-1
Cover;14.03.2018 18:25:03;SPBFUT;SiH8;Buy;29806415764;1;57262;-57262.00;0.80;Завершена;0
Buy;19.03.2018 17:40:05;SPBFUT;SiM8;Buy;29863893348;1;58414;-58414.00;0.81;Лонг;1
Sell;19.03.2018 19:05:05;SPBFUT;SiM8;Sell;29867056637;1;58464;58464.00;0.82;Завершена;0
Short;22.03.2018 11:40:04;SPBFUT;SiM8;Sell;29914558144;1;57406;57406.00;0.81;Шорт;-1
Cover;22.03.2018 12:20:04;SPBFUT;SiM8;Buy;29915869003;1;57494;-57494.00;0.81;Завершена;0
Buy;23.03.2018 15:40:02;SPBFUT;SiM8;Buy;29945655636;1;57647;-57647.00;0.81;Лонг;1
Sell;23.03.2018 16:30:01;SPBFUT;SiM8;Sell;29947334539;1;57656;57656.00;0.81;Завершена;0
Buy;02.04.2018 17:25:04;SPBFUT;SiM8;Buy;30049980644;1;57964;-57964.00;0.81;Лонг;1
Sell;02.04.2018 17:46:19;SPBFUT;SiM8;Sell;30050525404;1;58061;58061.00;0.81;Завершена;0
Short;04.04.2018 12:35:03;SPBFUT;SiM8;Sell;30080454931;1;58372;58372.00;0.81;Шорт;-1
Cover;04.04.2018 12:55:03;SPBFUT;SiM8;Buy;30080964383;1;58428;-58428.00;0.81;Завершена;0
Buy;04.04.2018 14:35:03;SPBFUT;SiM8;Buy;30083299993;1;58313;-58313.00;0.81;Лонг;1
Sell;04.04.2018 15:35:03;SPBFUT;SiM8;Sell;30084823443;1;58305;58305.00;0.81;Завершена;0
Buy;09.04.2018 15:55:24;SPBFUT;SiM8;Buy;30151257966;1;60524;-60524.00;0.82;Лонг;1
Sell;09.04.2018 16:10:14;SPBFUT;SiM8;Sell;30151797422;1;60556;60556.00;0.82;Завершена;0
Short;11.04.2018 13:20:03;SPBFUT;SiM8;Sell;30195684412;1;64848;64848.00;0.89;Шорт;-1
Cover;11.04.2018 13:30:03;SPBFUT;SiM8;Buy;30195984721;1;64818;-64818.00;0.89;Завершена;0
Buy;11.04.2018 13:45:03;SPBFUT;SiM8;Buy;30196594368;1;64616;-64616.00;0.89;Лонг;1
Sell;11.04.2018 13:55:03;SPBFUT;SiM8;Sell;30197005595;1;64666;64666.00;0.89;Завершена;0
Short;12.04.2018 13:15:04;SPBFUT;SiM8;Sell;30226072055;1;62480;62480.00;0.90;Шорт;-1
Cover;12.04.2018 13:20:44;SPBFUT;SiM8;Buy;30226269989;1;62353;-62353.00;0.90;Завершена;0
Buy;12.04.2018 13:30:04;SPBFUT;SiM8;Buy;30226836478;1;62206;-62206.00;0.90;Лонг;1
Sell;12.04.2018 13:35:04;SPBFUT;SiM8;Sell;30227118167;1;62218;62218.00;0.90;Завершена;0
Buy;13.04.2018 12:30:01;SPBFUT;SiM8;Buy;30248066127;1;61947;-61947.00;0.87;Лонг;1
Sell;13.04.2018 12:43:06;SPBFUT;SiM8;Sell;30248347983;1;62040;62040.00;0.87;Завершена;0
Short;13.04.2018 13:35:02;SPBFUT;SiM8;Sell;30249440421;1;62073;62073.00;0.87;Шорт;-1
Cover;13.04.2018 13:50:02;SPBFUT;SiM8;Buy;30249863302;1;62098;-62098.00;0.87;Завершена;0
Short;16.04.2018 15:20:02;SPBFUT;SiM8;Sell;30274939482;1;62700;62700.00;0.88;Шорт;-1
Cover;16.04.2018 15:30:02;SPBFUT;SiM8;Buy;30275341655;1;62846;-62846.00;0.88;Завершена;0
Buy;17.04.2018 10:35:04;SPBFUT;SiM8;Buy;30291900768;1;61492;-61492.00;0.88;Лонг;1
Sell;17.04.2018 10:40:49;SPBFUT;SiM8;Sell;30292209387;1;61529;61529.00;0.88;Завершена;0
Buy;17.04.2018 17:40:05;SPBFUT;SiM8;Buy;30312790434;1;62189;-62189.00;0.88;Лонг;1
Sell;17.04.2018 18:31:09;SPBFUT;SiM8;Sell;30315318930;1;62010;62010.00;0.88;Завершена;0
Short;23.04.2018 13:20:04;SPBFUT;SiM8;Sell;30395960150;1;62505;62505.00;0.87;Шорт;-1
Cover;23.04.2018 13:30:04;SPBFUT;SiM8;Buy;30396338050;1;62562;-62562.00;0.87;Завершена;0
Buy;24.04.2018 12:05:06;SPBFUT;SiM8;Buy;30416728849;1;61993;-61993.00;0.87;Лонг;1
Sell;24.04.2018 12:26:22;SPBFUT;SiM8;Sell;30417121933;1;62070;62070.00;0.87;Завершена;0
Short;24.04.2018 16:00:02;SPBFUT;SiM8;Sell;30421986457;1;62034;62034.00;0.87;Шорт;-1
Cover;24.04.2018 16:43:31;SPBFUT;SiM8;Buy;30423486960;1;61952;-61952.00;0.87;Завершена;0
Buy;26.04.2018 17:40:05;SPBFUT;SiM8;Buy;30469700588;1;63269;-63269.00;0.88;Лонг;1
Sell;26.04.2018 17:45:05;SPBFUT;SiM8;Sell;30469955822;1;63190;63190.00;0.88;Завершена;0
Short;30.04.2018 13:45:05;SPBFUT;SiM8;Sell;30502041408;1;63229;63229.00;0.88;Шорт;-1
Cover;30.04.2018 14:05:05;SPBFUT;SiM8;Buy;30502333072;1;63233;-63233.00;0.88;Завершена;0
Buy;30.04.2018 18:20:05;SPBFUT;SiM8;Buy;30508177189;1;63290;-63290.00;0.88;Лонг;1
Sell;30.04.2018 18:37:15;SPBFUT;SiM8;Sell;30508569210;1;63364;63364.00;0.88;Завершена;0
Short;02.05.2018 14:05:03;SPBFUT;SiM8;Sell;30518321616;1;64125;64125.00;0.89;Шорт;-1
Cover;02.05.2018 14:15:03;SPBFUT;SiM8;Buy;30518534547;1;64092;-64092.00;0.89;Завершена;0
Buy;04.05.2018 17:35:02;SPBFUT;SiM8;Buy;30571185330;1;63351;-63351.00;0.89;Лонг;1
Sell;04.05.2018 17:45:02;SPBFUT;SiM8;Sell;30571639602;1;63296;63296.00;0.89;Завершена;0
Short;11.05.2018 17:35:02;SPBFUT;SiM8;Sell;30651784106;1;61974;61974.00;0.87;Шорт;-1
Cover;11.05.2018 18:00:02;SPBFUT;SiM8;Buy;30652704412;1;61993;-61993.00;0.87;Завершена;0
Buy;14.05.2018 12:30:04;SPBFUT;SiM8;Buy;30661711521;1;61998;-61998.00;0.87;Лонг;1
Sell;14.05.2018 13:25:09;SPBFUT;SiM8;Sell;30663017413;1;62072;62072.00;0.87;Завершена;0
Buy;14.05.2018 14:05:05;SPBFUT;SiM8;Buy;30663677835;1;61929;-61929.00;0.87;Лонг;1
Sell;14.05.2018 14:55:04;SPBFUT;SiM8;Sell;30664880159;1;61895;61895.00;0.87;Завершена;0
Short;14.05.2018 18:20:05;SPBFUT;SiM8;Sell;30671957778;1;62021;62021.00;0.87;Шорт;-1
Cover;14.05.2018 19:30:05;SPBFUT;SiM8;Buy;30673045539;1;62058;-62058.00;0.87;Завершена;0
Short;15.05.2018 18:15:02;SPBFUT;SiM8;Sell;30696409544;1;62946;62946.00;0.87;Шорт;-1
Cover;15.05.2018 18:25:07;SPBFUT;SiM8;Buy;30696977906;1;62856;-62856.00;0.87;Завершена;0
Buy;15.05.2018 18:40:02;SPBFUT;SiM8;Buy;30697619553;1;62773;-62773.00;0.87;Лонг;1
Sell;15.05.2018 19:20:02;SPBFUT;SiM8;Sell;30698188517;1;62769;62769.00;0.88;Завершена;0
Short;18.05.2018 13:35:02;SPBFUT;SiM8;Sell;30754850017;1;62472;62472.00;0.87;Шорт;-1
Cover;18.05.2018 13:40:32;SPBFUT;SiM8;Buy;30755029293;1;62379;-62379.00;0.87;Завершена;0
Short;18.05.2018 14:10:02;SPBFUT;SiM8;Sell;30755681395;1;62475;62475.00;0.87;Шорт;-1
Cover;18.05.2018 14:56:12;SPBFUT;SiM8;Buy;30756758287;1;62386;-62386.00;0.87;Завершена;0
Short;18.05.2018 15:35:02;SPBFUT;SiM8;Sell;30757882142;1;62516;62516.00;0.87;Шорт;-1
Cover;18.05.2018 15:50:02;SPBFUT;SiM8;Buy;30758533040;1;62540;-62540.00;0.87;Завершена;0
Buy;18.05.2018 18:20:02;SPBFUT;SiM8;Buy;30766528011;1;62654;-62654.00;0.87;Лонг;1
Sell;18.05.2018 18:40:02;SPBFUT;SiM8;Sell;30767243537;1;62701;62701.00;0.87;Завершена;0
Buy;21.05.2018 17:35:02;SPBFUT;SiM8;Buy;30781775706;1;62190;-62190.00;0.88;Лонг;1
Sell;21.05.2018 17:52:37;SPBFUT;SiM8;Sell;30782334600;1;62260;62260.00;0.88;Завершена;0
Buy;21.05.2018 18:00:03;SPBFUT;SiM8;Buy;30782629142;1;62117;-62117.00;0.88;Лонг;1
Sell;21.05.2018 18:10:03;SPBFUT;SiM8;Sell;30783095668;1;62022;62022.00;0.88;Завершена;0
Short;22.05.2018 13:25:04;SPBFUT;SiM8;Sell;30794598142;1;61527;61527.00;0.87;Шорт;-1
Cover;22.05.2018 13:35:04;SPBFUT;SiM8;Buy;30794790714;1;61584;-61584.00;0.87;Завершена;0
Short;23.05.2018 12:45:01;SPBFUT;SiM8;Sell;30817475878;1;61907;61907.00;0.86;Шорт;-1
Cover;23.05.2018 12:56:31;SPBFUT;SiM8;Buy;30817813061;1;61842;-61842.00;0.86;Завершена;0
Short;24.05.2018 12:35:03;SPBFUT;SiM8;Sell;30839425216;1;61638;61638.00;0.87;Шорт;-1
Cover;24.05.2018 13:07:33;SPBFUT;SiM8;Buy;30840439161;1;61538;-61538.00;0.87;Завершена;0
Buy;24.05.2018 18:35:03;SPBFUT;SiM8;Buy;30853562550;1;61687;-61687.00;0.87;Лонг;1
Sell;24.05.2018 19:15:03;SPBFUT;SiM8;Sell;30854024619;1;61633;61633.00;0.86;Завершена;0
Short;25.05.2018 15:35:05;SPBFUT;SiM8;Sell;30869363791;1;62307;62307.00;0.86;Шорт;-1
Cover;25.05.2018 15:49:45;SPBFUT;SiM8;Buy;30870003606;1;62222;-62222.00;0.86;Завершена;0
Buy;25.05.2018 17:45:01;SPBFUT;SiM8;Buy;30875794307;1;62315;-62315.00;0.86;Лонг;1
Sell;25.05.2018 18:35:05;SPBFUT;SiM8;Sell;30877543451;1;62245;62245.00;0.86;Завершена;0
Buy;29.05.2018 13:15:01;SPBFUT;SiM8;Buy;30902304598;1;62772;-62772.00;0.88;Лонг;1
Sell;29.05.2018 13:40:01;SPBFUT;SiM8;Sell;30903192007;1;62804;62804.00;0.88;Завершена;0
Short;30.05.2018 16:20:04;SPBFUT;SiM8;Sell;30932222704;1;62429;62429.00;0.88;Шорт;-1
Cover;30.05.2018 16:50:04;SPBFUT;SiM8;Buy;30933500740;1;62495;-62495.00;0.88;Завершена;0
Short;31.05.2018 12:10:05;SPBFUT;SiM8;Sell;30946357858;1;62181;62181.00;0.87;Шорт;-1
Cover;31.05.2018 12:24:10;SPBFUT;SiM8;Buy;30946755397;1;62106;-62106.00;0.87;Завершена;0
Short;31.05.2018 12:50:00;SPBFUT;SiM8;Sell;30947384064;1;62205;62205.00;0.87;Шорт;-1
Cover;31.05.2018 13:05:00;SPBFUT;SiM8;Buy;30947765721;1;62254;-62254.00;0.87;Завершена;0
Buy;01.06.2018 12:45:03;SPBFUT;SiM8;Buy;30969607356;1;62289;-62289.00;0.88;Лонг;1
Sell;01.06.2018 13:05:02;SPBFUT;SiM8;Sell;30970385642;1;62252;62252.00;0.88;Завершена;0
Short;01.06.2018 17:40:02;SPBFUT;SiM8;Sell;30981928533;1;62321;62321.00;0.88;Шорт;-1
Cover;01.06.2018 18:18:42;SPBFUT;SiM8;Buy;30983535446;1;62265;-62265.00;0.88;Завершена;0
Buy;04.06.2018 12:30:04;SPBFUT;SiM8;Buy;30991496388;1;61975;-61975.00;0.87;Лонг;1
Sell;04.06.2018 12:45:14;SPBFUT;SiM8;Sell;30991842457;1;62045;62045.00;0.87;Завершена;0
Short;04.06.2018 14:05:04;SPBFUT;SiM8;Sell;30993518823;1;62110;62110.00;0.87;Шорт;-1
Cover;04.06.2018 15:25:05;SPBFUT;SiM8;Buy;30995389007;1;62081;-62081.00;0.87;Завершена;0
Short;05.06.2018 13:55:06;SPBFUT;SiM8;Sell;31011130554;1;62265;62265.00;0.87;Шорт;-1
Cover;05.06.2018 14:40:01;SPBFUT;SiM8;Buy;31012082811;1;62311;-62311.00;0.87;Завершена;0
Short;06.06.2018 11:50:02;SPBFUT;SiM8;Sell;31027965147;1;62178;62178.00;0.87;Шорт;-1
Cover;06.06.2018 12:05:03;SPBFUT;SiM8;Buy;31028392838;1;62255;-62255.00;0.87;Завершена;0
Short;07.06.2018 11:55:04;SPBFUT;SiM8;Sell;31046584907;1;62043;62043.00;0.87;Шорт;-1
Cover;07.06.2018 13:05:05;SPBFUT;SiM8;Buy;31048079413;1;62000;-62000.00;0.87;Завершена;0
Buy;07.06.2018 18:20:00;SPBFUT;SiM8;Buy;31059336414;1;62210;-62210.00;0.87;Лонг;1
Sell;07.06.2018 18:44:50;SPBFUT;SiM8;Sell;31060092498;1;62328;62328.00;0.87;Завершена;0
Short;11.06.2018 12:10:04;SPBFUT;SiM8;Sell;31096462298;1;62534;62534.00;0.88;Шорт;-1
Cover;11.06.2018 12:25:04;SPBFUT;SiM8;Buy;31097035803;1;62564;-62564.00;0.88;Завершена;0
Buy;13.06.2018 11:45:03;SPBFUT;SiM8;Buy;31112352628;1;63054;-63054.00;0.88;Лонг;1
Sell;13.06.2018 12:10:04;SPBFUT;SiM8;Sell;31112976852;1;63034;63034.00;0.88;Завершена;0
Buy;13.06.2018 18:40:03;SPBFUT;SiM8;Buy;31126161038;1;62411;-62411.00;0.88;Лонг;1
Sell;13.06.2018 19:12:34;SPBFUT;SiM8;Sell;31126430833;1;62439;62439.00;0.87;Завершена;0
Buy;14.06.2018 10:30:05;SPBFUT;SiM8;Buy;31131206244;1;62400;-62400.00;0.87;Лонг;1
Sell;14.06.2018 10:55:05;SPBFUT;SiM8;Sell;31131979735;1;62349;62349.00;0.87;Завершена;0
Short;14.06.2018 14:30:05;SPBFUT;SiM8;Sell;31138637668;1;62285;62285.00;0.87;Шорт;-1
Cover;14.06.2018 14:50:00;SPBFUT;SiM8;Buy;31139446021;1;62326;-62326.00;0.87;Завершена;0
Buy;15.06.2018 12:35:02;SPBFUT;SiM8;Buy;31158778725;1;62765;-62765.00;0.87;Лонг;1
Sell;15.06.2018 13:10:02;SPBFUT;SiM8;Sell;31159793190;1;62734;62734.00;0.87;Завершена;0
Buy;18.06.2018 12:30:03;SPBFUT;SiM8;Buy;31183389106;1;63317;-63317.00;0.88;Лонг;1
Sell;18.06.2018 13:05:03;SPBFUT;SiM8;Sell;31184438063;1;63285;63285.00;0.88;Завершена;0
Short;20.06.2018 13:40:06;SPBFUT;SiM8;Sell;31235422164;1;63643;63643.00;0.89;Шорт;-1
Cover;20.06.2018 14:15:01;SPBFUT;SiM8;Buy;31236063849;1;63641;-63641.00;0.89;Завершена;0
Buy;22.06.2018 12:40:05;SPBFUT;SiU8;Buy;31276138086;1;63661;-63661.00;0.90;Лонг;1
Sell;22.06.2018 13:05:00;SPBFUT;SiU8;Sell;31276935743;1;63690;63690.00;0.90;Завершена;0
Short;22.06.2018 14:25:06;SPBFUT;SiU8;Sell;31278300324;1;63668;63668.00;0.90;Шорт;-1
Cover;22.06.2018 14:54:16;SPBFUT;SiU8;Buy;31279057632;1;63489;-63489.00;0.90;Завершена;0
Short;25.06.2018 18:25:04;SPBFUT;SiU8;Sell;31305621997;1;63495;63495.00;0.89;Шорт;-1
Cover;25.06.2018 19:00:05;SPBFUT;SiU8;Buy;31306231979;1;63418;-63418.00;0.89;Завершена;0
Buy;26.06.2018 19:05:01;SPBFUT;SiU8;Buy;31325765647;1;63669;-63669.00;0.89;Лонг;1
Sell;26.06.2018 20:40:02;SPBFUT;SiU8;Sell;31327042254;1;63642;63642.00;0.89;Завершена;0
Buy;02.07.2018 15:22:48;SPBFUT;SiU8;Buy;965049183;1;63628;-63628.00;0.50;Лонг;1
Sell;02.07.2018 15:23:23;SPBFUT;SiU8;Sell;965050265;1;63619;63619.00;0.50;Завершена;0
Buy;03.07.2018 12:10:01;SPBFUT;SiU8;Buy;966303363;5;63746;-318730.00;2.50;Лонг;5
Sell;03.07.2018 12:42:37;SPBFUT;SiU8;Sell;966370912;5;63771;318855.00;2.50;Завершена;0
Short;03.07.2018 16:55:17;SPBFUT;SiU8;Sell;966891321;5;63665;318325.00;2.50;Шорт;-5
Cover;03.07.2018 17:05:07;SPBFUT;SiU8;Buy;966934848;5;63744;-318719.00;2.50;Завершена;0
Short;04.07.2018 11:50:08;SPBFUT;SiU8;Sell;967758931;5;63799;318994.00;2.50;Шорт;-5
Cover;04.07.2018 13:10:59;SPBFUT;SiU8;Buy;967901311;5;63748;-318740.00;2.50;Завершена;0
Short;05.07.2018 18:05:06;SPBFUT;SiU8;Sell;969738192;5;63637;318185.00;2.50;Шорт;-5
Cover;05.07.2018 18:29:31;SPBFUT;SiU8;Buy;969829870;5;63529;-317645.00;2.50;Завершена;0
Short;10.07.2018 11:35:06;SPBFUT;SiU8;Sell;973477996;5;62936;314681.00;2.50;Шорт;-5
Cover;10.07.2018 11:55:01;SPBFUT;SiU8;Buy;973545573;5;62994;-314970.00;2.50;Завершена;0
Buy;11.07.2018 13:50:13;SPBFUT;SiU8;Buy;975541551;5;62510;-312550.00;2.50;Лонг;5
Sell;11.07.2018 14:15:03;SPBFUT;SiU8;Sell;975591164;5;62418;312090.00;2.50;Завершена;0
Short;11.07.2018 18:15:04;SPBFUT;SiU8;Sell;976366723;5;62435;312177.00;2.50;Шорт;-5
Cover;11.07.2018 18:25:09;SPBFUT;SiU8;Buy;976416631;5;62540;-312700.00;2.50;Завершена;0
Buy;13.07.2018 11:05:07;SPBFUT;SiU8;Buy;979029686;5;62685;-313425.00;2.50;Лонг;5
Sell;13.07.2018 12:16:07;SPBFUT;SiU8;Sell;979209522;5;62753;313765.00;2.50;Завершена;0
Short;17.07.2018 11:55:06;SPBFUT;SiU8;Sell;982572167;5;62877;314385.00;2.50;Шорт;-5
Cover;17.07.2018 12:25:01;SPBFUT;SiU8;Buy;982653881;5;62948;-314740.00;2.50;Завершена;0
Buy;17.07.2018 18:15:07;SPBFUT;SiU8;Buy;983547354;5;62913;-314565.00;2.50;Лонг;5
Sell;17.07.2018 18:30:07;SPBFUT;SiU8;Sell;983596274;5;62841;314205.00;2.50;Завершена;0
Short;20.07.2018 17:25:02;SPBFUT;SiU8;Sell;989244983;5;63872;319359.00;2.50;Шорт;-5
Cover;20.07.2018 17:40:12;SPBFUT;SiU8;Buy;989298993;5;63920;-319600.00;2.50;Завершена;0
Short;23.07.2018 17:35:24;SPBFUT;SiU8;Sell;991041053;5;63455;317273.00;2.50;Шорт;-5
Cover;23.07.2018 18:20:05;SPBFUT;SiU8;Buy;991191801;5;63470;-317352.00;2.50;Завершена;0
Short;24.07.2018 18:15:07;SPBFUT;SiU8;Sell;992890067;5;63141;315705.00;2.50;Шорт;-5
Cover;24.07.2018 19:15:01;SPBFUT;SiU8;Buy;993024524;5;63174;-315870.00;2.50;Завершена;0
Buy;31.07.2018 18:00:07;SPBFUT;SiU8;Buy;1001028243;5;62751;-313755.00;2.50;Лонг;5
Sell;31.07.2018 18:40:02;SPBFUT;SiU8;Sell;1001133850;5;62736;313680.00;2.50;Завершена;0
Buy;01.08.2018 17:50:04;SPBFUT;SiU8;Buy;1002565296;5;63155;-315774.00;2.50;Лонг;5
Sell;01.08.2018 19:08:33;SPBFUT;SiU8;Sell;1002780330;5;63298;316490.00;2.50;Завершена;0
Short;02.08.2018 11:15:05;SPBFUT;SiU8;Sell;1003272439;5;63443;317217.00;2.50;Шорт;-5
Cover;02.08.2018 12:00:05;SPBFUT;SiU8;Buy;1003380456;5;63474;-317370.00;2.50;Завершена;0
Buy;02.08.2018 17:20:05;SPBFUT;SiU8;Buy;1004162759;5;63773;-318865.00;2.50;Лонг;5
Sell;02.08.2018 17:21:10;SPBFUT;SiU8;Sell;1004167726;5;63793;318965.00;2.50;Завершена;0
Short;02.08.2018 17:28:05;SPBFUT;SiU8;Sell;1004196841;5;63869;319345.00;2.50;Шорт;-5
Cover;02.08.2018 17:29:20;SPBFUT;SiU8;Buy;1004201262;5;63865;-319326.00;2.50;Завершена;0
Buy;02.08.2018 17:32:15;SPBFUT;SiU8;Buy;1004214197;5;63793;-318964.00;2.50;Лонг;5
Sell;02.08.2018 17:33:40;SPBFUT;SiU8;Sell;1004219063;5;63812;319060.00;2.50;Завершена;0
Buy;02.08.2018 17:50:10;SPBFUT;SiU8;Buy;1004285402;5;63821;-319105.00;2.50;Лонг;5
Sell;02.08.2018 17:53:05;SPBFUT;SiU8;Sell;1004299474;5;63734;318670.00;2.50;Завершена;0
Short;02.08.2018 17:56:05;SPBFUT;SiU8;Sell;1004309093;5;63781;318904.00;2.50;Шорт;-5
Cover;03.08.2018 18:14:13;SPBFUT;SiU8;Buy;1006027743;5;63556;-317782.00;2.50;Завершена;0
Buy;06.08.2018 10:21:09;SPBFUT;SiU8;Buy;1006529376;5;63768;-318842.00;2.50;Лонг;5
Sell;06.08.2018 10:23:04;SPBFUT;SiU8;Sell;1006538758;5;63786;318931.00;2.50;Завершена;0
Buy;06.08.2018 10:35:09;SPBFUT;SiU8;Buy;1006586618;5;63895;-319477.00;2.50;Лонг;5
Sell;06.08.2018 10:38:49;SPBFUT;SiU8;Sell;1006599812;5;63878;319390.00;2.50;Завершена;0
Short;06.08.2018 17:19:10;SPBFUT;SiU8;Sell;1007539150;5;64014;320070.00;2.50;Шорт;-5
Cover;06.08.2018 17:22:25;SPBFUT;SiU8;Buy;1007549984;5;64041;-320207.00;2.50;Завершена;0
Short;07.08.2018 10:24:02;SPBFUT;SiU8;Sell;1008119625;5;63927;319637.00;2.50;Шорт;-5
Cover;07.08.2018 10:35:42;SPBFUT;SiU8;Buy;1008150527;5;63905;-319525.00;2.50;Завершена;0
Short;08.08.2018 10:28:09;SPBFUT;SiU8;Sell;1009582573;5;63791;318956.00;2.50;Шорт;-5
Cover;08.08.2018 10:31:04;SPBFUT;SiU8;Buy;1009591077;5;63803;-319015.00;2.50;Завершена;0
Buy;08.08.2018 12:47:03;SPBFUT;SiU8;Buy;1010047383;5;64495;-322473.00;2.50;Лонг;5
Sell;08.08.2018 12:52:08;SPBFUT;SiU8;Sell;1010066360;5;64475;322375.00;2.50;Завершена;0
Short;08.08.2018 13:07:03;SPBFUT;SiU8;Sell;1010097056;5;64530;322648.00;2.50;Шорт;-5
Cover;08.08.2018 13:08:28;SPBFUT;SiU8;Buy;1010101091;5;64525;-322625.00;2.50;Завершена;0
Short;08.08.2018 13:36:13;SPBFUT;SiU8;Sell;1010216337;5;64820;324100.00;2.50;Шорт;-5
Cover;08.08.2018 13:37:08;SPBFUT;SiU8;Buy;1010220890;5;64913;-324566.00;2.50;Завершена;0
Buy;08.08.2018 13:46:08;SPBFUT;SiU8;Buy;1010257895;5;64850;-324250.00;2.50;Лонг;5
Sell;08.08.2018 13:56:03;SPBFUT;SiU8;Sell;1010304779;5;65075;325375.00;2.50;Завершена;0
Buy;08.08.2018 14:06:04;SPBFUT;SiU8;Buy;1010332634;5;65002;-325010.00;2.50;Лонг;5
Sell;08.08.2018 14:08:04;SPBFUT;SiU8;Sell;1010340858;5;64930;324648.00;2.50;Завершена;0
Short;08.08.2018 14:12:04;SPBFUT;SiU8;Sell;1010358122;5;64901;324505.00;2.50;Шорт;-5
Cover;08.08.2018 14:17:09;SPBFUT;SiU8;Buy;1010376676;5;64881;-324405.00;2.50;Завершена;0
Buy;08.08.2018 14:24:04;SPBFUT;SiU8;Buy;1010400245;5;64885;-324425.00;2.50;Лонг;5
Sell;08.08.2018 14:26:34;SPBFUT;SiU8;Sell;1010406929;5;64868;324340.00;2.50;Завершена;0
Buy;08.08.2018 14:35:04;SPBFUT;SiU8;Buy;1010428151;5;64860;-324300.00;2.50;Лонг;5
Sell;08.08.2018 14:46:39;SPBFUT;SiU8;Sell;1010464998;5;64989;324945.00;2.50;Завершена;0
Short;08.08.2018 15:12:04;SPBFUT;SiU8;Sell;1010552855;5;65088;325440.00;2.50;Шорт;-5
Cover;08.08.2018 15:23:09;SPBFUT;SiU8;Buy;1010586729;5;65073;-325365.00;2.50;Завершена;0
Short;08.08.2018 15:31:04;SPBFUT;SiU8;Sell;1010613455;5;65108;325540.00;2.50;Шорт;-5
Cover;08.08.2018 15:35:04;SPBFUT;SiU8;Buy;1010626384;5;65153;-325765.00;2.50;Завершена;0
Buy;08.08.2018 16:16:04;SPBFUT;SiU8;Buy;1010721808;5;65178;-325888.00;2.50;Лонг;5
Sell;08.08.2018 16:19:04;SPBFUT;SiU8;Sell;1010733243;5;65137;325684.00;2.50;Завершена;0
Short;08.08.2018 16:22:04;SPBFUT;SiU8;Sell;1010747190;5;65119;325593.00;2.50;Шорт;-5
Cover;08.08.2018 16:27:44;SPBFUT;SiU8;Buy;1010766589;5;65116;-325580.00;2.50;Завершена;0
Buy;08.08.2018 16:29:09;SPBFUT;SiU8;Buy;1010773223;5;65048;-325238.00;2.50;Лонг;5
Sell;08.08.2018 16:31:14;SPBFUT;SiU8;Sell;1010783365;5;65052;325260.00;2.50;Завершена;0
Short;08.08.2018 17:09:04;SPBFUT;SiU8;Sell;1010958096;5;65043;325216.00;2.50;Шорт;-5
Cover;08.08.2018 17:10:29;SPBFUT;SiU8;Buy;1010964125;5;65042;-325212.00;2.50;Завершена;0
Buy;08.08.2018 18:12:03;SPBFUT;SiU8;Buy;1011226938;5;64961;-324803.00;2.50;Лонг;5
Sell;08.08.2018 18:14:08;SPBFUT;SiU8;Sell;1011235193;5;64938;324691.00;2.50;Завершена;0
Buy;09.08.2018 10:25:05;SPBFUT;SiU8;Buy;1011802930;5;66831;-334155.00;2.50;Лонг;5
Sell;09.08.2018 10:26:05;SPBFUT;SiU8;Sell;1011805906;5;66730;333650.00;2.50;Завершена;0
Short;09.08.2018 10:30:10;SPBFUT;SiU8;Sell;1011821642;5;66696;333480.00;2.50;Шорт;-5
Cover;09.08.2018 10:31:45;SPBFUT;SiU8;Buy;1011826617;5;66692;-333461.00;2.50;Завершена;0
Short;09.08.2018 10:36:05;SPBFUT;SiU8;Sell;1011840206;5;66571;332856.00;2.50;Шорт;-5
Cover;09.08.2018 10:41:05;SPBFUT;SiU8;Buy;1011856545;5;66441;-332207.00;2.50;Завершена;0
Short;09.08.2018 11:12:05;SPBFUT;SiU8;Sell;1011994247;5;66645;333225.00;2.50;Шорт;-5
Cover;09.08.2018 11:13:10;SPBFUT;SiU8;Buy;1012002243;5;66639;-333195.00;2.50;Завершена;0
Short;09.08.2018 11:23:05;SPBFUT;SiU8;Sell;1012054722;5;66494;332470.00;2.50;Шорт;-5
Cover;09.08.2018 11:25:05;SPBFUT;SiU8;Buy;1012068804;5;66556;-332780.00;2.50;Завершена;0
Buy;09.08.2018 12:06:05;SPBFUT;SiU8;Buy;1012250479;5;66292;-331460.00;2.50;Лонг;5
Sell;09.08.2018 12:16:05;SPBFUT;SiU8;Sell;1012280393;5;66197;330985.00;2.50;Завершена;0
Buy;09.08.2018 13:14:05;SPBFUT;SiU8;Buy;1012477270;5;66142;-330710.00;2.50;Лонг;5
Sell;09.08.2018 13:15:40;SPBFUT;SiU8;Sell;1012483876;5;66126;330632.00;2.50;Завершена;0
Buy;09.08.2018 15:02:06;SPBFUT;SiU8;Buy;1012762433;5;66420;-332099.00;2.50;Лонг;5
Sell;09.08.2018 15:03:01;SPBFUT;SiU8;Sell;1012765402;5;66390;331950.00;2.50;Завершена;0
Short;09.08.2018 15:18:06;SPBFUT;SiU8;Sell;1012805199;5;66349;331745.00;2.50;Шорт;-5
Cover;09.08.2018 15:19:16;SPBFUT;SiU8;Buy;1012808542;5;66357;-331785.00;2.50;Завершена;0
Buy;09.08.2018 18:15:06;SPBFUT;SiU8;Buy;1013382350;5;66618;-333090.00;2.50;Лонг;5
Sell;09.08.2018 18:16:56;SPBFUT;SiU8;Sell;1013388495;5;66623;333115.00;2.50;Завершена;0
Buy;09.08.2018 18:30:06;SPBFUT;SiU8;Buy;1013438719;5;66584;-332920.00;2.50;Лонг;5
Sell;09.08.2018 18:42:01;SPBFUT;SiU8;Sell;1013487709;5;66532;332660.00;2.50;Завершена;0
Buy;10.08.2018 10:28:07;SPBFUT;SiU8;Buy;1013939810;5;67331;-336655.00;2.50;Лонг;5
Sell;10.08.2018 10:30:12;SPBFUT;SiU8;Sell;1013950159;5;67255;336275.00;2.50;Завершена;0
Buy;10.08.2018 10:33:07;SPBFUT;SiU8;Buy;1013964627;5;67280;-336398.00;2.50;Лонг;5
Sell;10.08.2018 10:35:07;SPBFUT;SiU8;Sell;1013975245;5;67213;336064.00;2.50;Завершена;0
Short;10.08.2018 10:45:02;SPBFUT;SiU8;Sell;1014027526;5;67070;335349.00;2.50;Шорт;-5
Cover;10.08.2018 10:46:42;SPBFUT;SiU8;Buy;1014035766;5;67075;-335375.00;2.50;Завершена;0
Short;10.08.2018 10:48:07;SPBFUT;SiU8;Sell;1014045056;5;67063;335315.00;2.50;Шорт;-5
Cover;10.08.2018 10:51:07;SPBFUT;SiU8;Buy;1014064120;5;67155;-335775.00;2.50;Завершена;0
Buy;10.08.2018 10:57:07;SPBFUT;SiU8;Buy;1014108004;5;67125;-335624.00;2.50;Лонг;5
Sell;10.08.2018 10:58:42;SPBFUT;SiU8;Sell;1014115613;5;67126;335630.00;2.50;Завершена;0
Buy;10.08.2018 12:05:02;SPBFUT;SiU8;Buy;1014348318;5;67033;-335165.00;2.50;Лонг;5
Sell;10.08.2018 12:11:07;SPBFUT;SiU8;Sell;1014373023;5;67004;335020.00;2.50;Завершена;0
Short;10.08.2018 12:36:02;SPBFUT;SiU8;Sell;1014481535;5;67004;335020.00;2.50;Шорт;-5
Cover;10.08.2018 12:37:22;SPBFUT;SiU8;Buy;1014486700;5;67039;-335195.00;2.50;Завершена;0
Short;10.08.2018 12:40:07;SPBFUT;SiU8;Sell;1014496218;5;67102;335510.00;2.50;Шорт;-5
Cover;10.08.2018 12:52:12;SPBFUT;SiU8;Buy;1014536810;5;67117;-335585.00;2.50;Завершена;0
Short;10.08.2018 12:55:07;SPBFUT;SiU8;Sell;1014548945;5;67170;335851.00;2.50;Шорт;-5
Cover;10.08.2018 12:59:02;SPBFUT;SiU8;Buy;1014564968;5;67236;-336180.00;2.50;Завершена;0
Buy;10.08.2018 13:06:12;SPBFUT;SiU8;Buy;1014572430;5;67129;-335645.00;2.50;Лонг;5
Sell;10.08.2018 13:09:22;SPBFUT;SiU8;Sell;1014581025;5;67108;335540.00;2.50;Завершена;0
Short;10.08.2018 13:22:07;SPBFUT;SiU8;Sell;1014617573;5;67069;335345.00;2.50;Шорт;-5
Cover;10.08.2018 13:24:12;SPBFUT;SiU8;Buy;1014622372;5;67063;-335314.00;2.50;Завершена;0
Short;10.08.2018 14:06:02;SPBFUT;SiU8;Sell;1014733750;5;67181;335904.00;2.50;Шорт;-5
Cover;10.08.2018 14:12:02;SPBFUT;SiU8;Buy;1014749347;5;67227;-336135.00;2.50;Завершена;0
Short;10.08.2018 14:50:07;SPBFUT;SiU8;Sell;1014845294;5;67194;335970.00;2.50;Шорт;-5
Cover;10.08.2018 14:55:12;SPBFUT;SiU8;Buy;1014861881;5;67286;-336430.00;2.50;Завершена;0
Short;10.08.2018 15:25:03;SPBFUT;SiU8;Sell;1015002104;5;67284;336418.00;2.50;Шорт;-5
Cover;10.08.2018 15:28:03;SPBFUT;SiU8;Buy;1015023152;5;67302;-336508.00;2.50;Завершена;0
Buy;10.08.2018 15:36:03;SPBFUT;SiU8;Buy;1015066730;5;67359;-336795.00;2.50;Лонг;5
Sell;10.08.2018 15:38:08;SPBFUT;SiU8;Sell;1015076551;5;67333;336665.00;2.50;Завершена;0
Short;10.08.2018 15:43:03;SPBFUT;SiU8;Sell;1015094454;5;67395;336975.00;2.50;Шорт;-5
Cover;10.08.2018 15:44:28;SPBFUT;SiU8;Buy;1015100974;5;67403;-337015.00;2.50;Завершена;0
Buy;10.08.2018 16:09:08;SPBFUT;SiU8;Buy;1015158956;5;67539;-337695.00;2.50;Лонг;5
Sell;10.08.2018 16:10:53;SPBFUT;SiU8;Sell;1015168652;5;67566;337830.00;2.50;Завершена;0
Short;10.08.2018 16:30:08;SPBFUT;SiU8;Sell;1015271332;5;67735;338675.00;2.50;Шорт;-5
Cover;10.08.2018 16:31:08;SPBFUT;SiU8;Buy;1015277626;5;67750;-338750.00;2.50;Завершена;0
Buy;10.08.2018 16:50:03;SPBFUT;SiU8;Buy;1015377196;5;67732;-338662.00;2.50;Лонг;5
Sell;10.08.2018 16:51:58;SPBFUT;SiU8;Sell;1015389661;5;67645;338223.00;2.50;Завершена;0
Short;10.08.2018 16:55:03;SPBFUT;SiU8;Sell;1015406178;5;67719;338593.00;2.50;Шорт;-5
Cover;10.08.2018 16:56:08;SPBFUT;SiU8;Buy;1015413093;5;67780;-338901.00;2.50;Завершена;0
Short;10.08.2018 18:11:08;SPBFUT;SiU8;Sell;1015817192;5;67569;337847.00;2.50;Шорт;-5
Cover;10.08.2018 18:14:03;SPBFUT;SiU8;Buy;1015829318;5;67734;-338671.00;2.50;Завершена;0
Short;10.08.2018 18:34:03;SPBFUT;SiU8;Sell;1015936588;5;67814;339069.00;2.50;Шорт;-5
Cover;10.08.2018 18:36:03;SPBFUT;SiU8;Buy;1015944094;5;67911;-339553.00;2.50;Завершена;0
Short;10.08.2018 18:39:03;SPBFUT;SiU8;Sell;1015956468;5;67978;339890.00;2.50;Шорт;-5
Cover;10.08.2018 18:40:03;SPBFUT;SiU8;Buy;1015961028;5;67932;-339660.00;2.50;Завершена;0
Buy;10.08.2018 18:53:22;SPBFUT;SiU8;Buy;1015981819;5;68008;-340042.00;2.50;Лонг;5
Sell;10.08.2018 18:55:37;SPBFUT;SiU8;Sell;1015981845;5;67943;339715.00;2.50;Завершена;0
Buy;10.08.2018 18:56:02;SPBFUT;SiU8;Buy;1015981856;5;68006;-340031.00;2.50;Лонг;5
Sell;10.08.2018 19:03:02;SPBFUT;SiU8;Sell;1015991836;5;68111;340555.00;2.50;Завершена;0
Short;13.08.2018 10:17:04;SPBFUT;SiU8;Sell;1016416393;5;68610;343048.00;2.50;Шорт;-5
Cover;13.08.2018 10:23:04;SPBFUT;SiU8;Buy;1016447771;5;68555;-342776.00;2.50;Завершена;0
Buy;13.08.2018 10:38:04;SPBFUT;SiU8;Buy;1016529126;5;68562;-342810.00;2.50;Лонг;5
Sell;13.08.2018 10:40:05;SPBFUT;SiU8;Sell;1016537993;5;68461;342307.00;2.50;Завершена;0
Short;13.08.2018 10:45:05;SPBFUT;SiU8;Sell;1016558036;5;68525;342625.00;2.50;Шорт;-5
Cover;13.08.2018 10:46:20;SPBFUT;SiU8;Buy;1016563558;5;68496;-342482.00;2.50;Завершена;0
Short;13.08.2018 11:11:05;SPBFUT;SiU8;Sell;1016672565;5;68540;342700.00;2.50;Шорт;-5
Cover;13.08.2018 11:12:25;SPBFUT;SiU8;Buy;1016678952;5;68573;-342864.00;2.50;Завершена;0
Buy;13.08.2018 12:13:05;SPBFUT;SiU8;Buy;1016930877;5;68038;-340189.00;2.50;Лонг;5
Sell;13.08.2018 12:24:20;SPBFUT;SiU8;Sell;1016972226;5;68140;340700.00;2.50;Завершена;0
Short;13.08.2018 13:53:04;SPBFUT;SiU8;Sell;1017212271;5;68373;341864.00;2.50;Шорт;-5
Cover;13.08.2018 13:56:04;SPBFUT;SiU8;Buy;1017221023;5;68421;-342105.00;2.50;Завершена;0
Buy;13.08.2018 14:36:05;SPBFUT;SiU8;Buy;1017323699;5;68436;-342182.00;2.50;Лонг;5
Sell;13.08.2018 14:38:05;SPBFUT;SiU8;Sell;1017329317;5;68407;342033.00;2.50;Завершена;0
Buy;13.08.2018 15:13:05;SPBFUT;SiU8;Buy;1017474367;5;68284;-341420.00;2.50;Лонг;5
Sell;13.08.2018 15:16:00;SPBFUT;SiU8;Sell;1017485979;5;68297;341487.00;2.50;Завершена;0
Buy;13.08.2018 15:27:05;SPBFUT;SiU8;Buy;1017524167;5;68270;-341351.00;2.50;Лонг;5
Sell;13.08.2018 15:30:05;SPBFUT;SiU8;Sell;1017536632;5;68180;340899.00;2.50;Завершена;0
Short;13.08.2018 15:33:05;SPBFUT;SiU8;Sell;1017549322;5;68206;341030.00;2.50;Шорт;-5
Cover;13.08.2018 15:34:20;SPBFUT;SiU8;Buy;1017553880;5;68134;-340669.00;2.50;Завершена;0
Short;13.08.2018 16:13:05;SPBFUT;SiU8;Sell;1017675083;5;67971;339857.00;2.50;Шорт;-5
Cover;13.08.2018 16:16:05;SPBFUT;SiU8;Buy;1017686646;5;68067;-340336.00;2.50;Завершена;0
Buy;13.08.2018 16:20:05;SPBFUT;SiU8;Buy;1017704377;5;68042;-340212.00;2.50;Лонг;5
Sell;13.08.2018 16:23:05;SPBFUT;SiU8;Sell;1017716230;5;68018;340089.00;2.50;Завершена;0
Short;13.08.2018 18:25:05;SPBFUT;SiU8;Sell;1018224958;5;68095;340477.00;2.50;Шорт;-5
Cover;13.08.2018 18:28:55;SPBFUT;SiU8;Buy;1018241168;5;68125;-340623.00;2.50;Завершена;0
Short;13.08.2018 18:30:05;SPBFUT;SiU8;Sell;1018246252;5;68137;340685.00;2.50;Шорт;-5
Cover;13.08.2018 18:45:15;SPBFUT;SiU8;Buy;1018305321;5;68212;-341062.00;2.50;Завершена;0
Short;14.08.2018 10:20:06;SPBFUT;SiU8;Sell;1018819834;5;67098;335492.00;2.50;Шорт;-5
Cover;14.08.2018 10:23:11;SPBFUT;SiU8;Buy;1018834088;5;67147;-335737.00;2.50;Завершена;0
Buy;14.08.2018 10:29:01;SPBFUT;SiU8;Buy;1018856227;5;67118;-335592.00;2.50;Лонг;5
Sell;14.08.2018 10:30:26;SPBFUT;SiU8;Sell;1018861951;5;67072;335362.00;2.50;Завершена;0
Short;14.08.2018 10:33:06;SPBFUT;SiU8;Sell;1018873663;5;67159;335796.00;2.50;Шорт;-5
Cover;14.08.2018 10:34:41;SPBFUT;SiU8;Buy;1018880702;5;67208;-336040.00;2.50;Завершена;0
Buy;14.08.2018 10:41:01;SPBFUT;SiU8;Buy;1018906554;5;67209;-336045.00;2.50;Лонг;5
Sell;14.08.2018 10:42:51;SPBFUT;SiU8;Sell;1018914289;5;67154;335770.00;2.50;Завершена;0
Buy;14.08.2018 11:24:06;SPBFUT;SiU8;Buy;1019078317;5;66990;-334948.00;2.50;Лонг;5
Sell;14.08.2018 11:25:36;SPBFUT;SiU8;Sell;1019083431;5;66951;334754.00;2.50;Завершена;0
Short;14.08.2018 11:33:06;SPBFUT;SiU8;Sell;1019111073;5;67068;335338.00;2.50;Шорт;-5
Cover;14.08.2018 11:38:06;SPBFUT;SiU8;Buy;1019127953;5;67120;-335600.00;2.50;Завершена;0
Short;14.08.2018 12:03:01;SPBFUT;SiU8;Sell;1019219622;5;67175;335874.00;2.50;Шорт;-5
Cover;14.08.2018 12:14:21;SPBFUT;SiU8;Buy;1019263076;5;67100;-335498.00;2.50;Завершена;0
Buy;14.08.2018 13:57:17;SPBFUT;SiU8;Buy;1019553662;5;67060;-335300.00;2.50;Лонг;5
Sell;14.08.2018 14:05:07;SPBFUT;SiU8;Sell;1019559256;5;67044;335220.00;2.50;Завершена;0
Buy;14.08.2018 16:53:11;SPBFUT;SiU8;Buy;1020073466;5;66940;-334700.00;2.50;Лонг;5
Sell;14.08.2018 16:55:01;SPBFUT;SiU8;Sell;1020083575;5;66884;334420.00;2.50;Завершена;0
Short;14.08.2018 17:11:06;SPBFUT;SiU8;Sell;1020152827;5;66879;334393.00;2.50;Шорт;-5
Cover;14.08.2018 17:22:06;SPBFUT;SiU8;Buy;1020192837;5;66876;-334378.00;2.50;Завершена;0
Buy;14.08.2018 18:03:07;SPBFUT;SiU8;Buy;1020368155;5;66788;-333940.00;2.50;Лонг;5
Sell;14.08.2018 18:04:02;SPBFUT;SiU8;Sell;1020371723;5;66720;333600.00;2.50;Завершена;0
Short;14.08.2018 18:13:07;SPBFUT;SiU8;Sell;1020410266;5;66778;333890.00;2.50;Шорт;-5
Cover;14.08.2018 18:14:22;SPBFUT;SiU8;Buy;1020414316;5;66802;-334010.00;2.50;Завершена;0
Short;15.08.2018 10:21:03;SPBFUT;SiU8;Sell;1021042397;5;66588;332940.00;2.50;Шорт;-5
Cover;15.08.2018 10:25:18;SPBFUT;SiU8;Buy;1021063301;5;66626;-333130.00;2.50;Завершена;0
Short;15.08.2018 10:34:08;SPBFUT;SiU8;Sell;1021103833;5;66623;333115.00;2.50;Шорт;-5
Cover;15.08.2018 10:36:03;SPBFUT;SiU8;Buy;1021113144;5;66646;-333228.00;2.50;Завершена;0
Buy;15.08.2018 10:44:03;SPBFUT;SiU8;Buy;1021144076;5;66600;-333000.00;2.50;Лонг;5
Sell;15.08.2018 11:15:33;SPBFUT;SiU8;Sell;1021269259;5;66746;333732.00;2.50;Завершена;0
Short;15.08.2018 12:22:09;SPBFUT;SiU8;Sell;1021556451;5;67146;335730.00;2.50;Шорт;-5
Cover;15.08.2018 12:24:24;SPBFUT;SiU8;Buy;1021563958;5;67162;-335809.00;2.50;Завершена;0
Short;15.08.2018 12:51:09;SPBFUT;SiU8;Sell;1021655673;5;67090;335450.00;2.50;Шорт;-5
Cover;15.08.2018 12:54:34;SPBFUT;SiU8;Buy;1021665972;5;67096;-335480.00;2.50;Завершена;0
Short;15.08.2018 13:46:04;SPBFUT;SiU8;Sell;1021821943;5;67301;336505.00;2.50;Шорт;-5
Cover;15.08.2018 13:48:09;SPBFUT;SiU8;Buy;1021829023;5;67330;-336648.00;2.50;Завершена;0
Short;15.08.2018 14:44:04;SPBFUT;SiU8;Sell;1022027959;5;67503;337513.00;2.50;Шорт;-5
Cover;15.08.2018 14:45:04;SPBFUT;SiU8;Buy;1022031839;5;67492;-337460.00;2.50;Завершена;0
Buy;15.08.2018 14:47:03;SPBFUT;SiU8;Buy;1022040760;5;67428;-337142.00;2.50;Лонг;5
Sell;15.08.2018 14:48:08;SPBFUT;SiU8;Sell;1022045883;5;67379;336894.00;2.50;Завершена;0
Short;15.08.2018 14:53:08;SPBFUT;SiU8;Sell;1022068370;5;67424;337120.00;2.50;Шорт;-5
Cover;15.08.2018 14:55:08;SPBFUT;SiU8;Buy;1022074770;5;67454;-337270.00;2.50;Завершена;0
Short;15.08.2018 15:10:03;SPBFUT;SiU8;Sell;1022125167;5;67400;337000.00;2.50;Шорт;-5
Cover;15.08.2018 15:12:43;SPBFUT;SiU8;Buy;1022133484;5;67457;-337286.00;2.50;Завершена;0
Buy;15.08.2018 15:17:03;SPBFUT;SiU8;Buy;1022147490;5;67383;-336915.00;2.50;Лонг;5
Sell;15.08.2018 15:18:03;SPBFUT;SiU8;Sell;1022151023;5;67327;336633.00;2.50;Завершена;0
Buy;15.08.2018 16:23:03;SPBFUT;SiU8;Buy;1022347286;5;67484;-337418.00;2.50;Лонг;5
Sell;15.08.2018 16:24:38;SPBFUT;SiU8;Sell;1022353664;5;67414;337070.00;2.50;Завершена;0
Short;15.08.2018 16:31:03;SPBFUT;SiU8;Sell;1022382557;5;67515;337575.00;2.50;Шорт;-5
Cover;15.08.2018 16:32:43;SPBFUT;SiU8;Buy;1022393310;5;67516;-337580.00;2.50;Завершена;0
Buy;15.08.2018 16:38:03;SPBFUT;SiU8;Buy;1022422277;5;67496;-337480.00;2.50;Лонг;5
Sell;15.08.2018 16:40:03;SPBFUT;SiU8;Sell;1022431352;5;67475;337376.00;2.50;Завершена;0
Short;15.08.2018 17:22:04;SPBFUT;SiU8;Sell;1022677520;5;67715;338573.00;2.50;Шорт;-5
Cover;15.08.2018 17:24:44;SPBFUT;SiU8;Buy;1022690009;5;67708;-338540.00;2.50;Завершена;0
Short;15.08.2018 17:31:04;SPBFUT;SiU8;Sell;1022724325;5;67773;338864.00;2.50;Шорт;-5
Cover;15.08.2018 17:32:04;SPBFUT;SiU8;Buy;1022731623;5;67840;-339200.00;2.50;Завершена;0
Buy;15.08.2018 17:37:04;SPBFUT;SiU8;Buy;1022761536;5;67790;-338950.00;2.50;Лонг;5
Sell;15.08.2018 17:38:06;SPBFUT;SiU8;Sell;1022767980;5;67807;339035.00;2.50;Завершена;0
Buy;15.08.2018 17:40:04;SPBFUT;SiU8;Buy;1022781029;5;67766;-338830.00;2.50;Лонг;5
